session_id,prolific_pid,prolific_session,trial,position_rowID,position_columnID,position_x,position_y,predicted_value,actual_value,language,context,client_time,received_at,study_id,only_select
dfb95fe0_2026-09-29_09-14-28,,,0,0,0,-8.356979,-1.945135,-1,-1,FR,in_person,2026-09-29 07:21:16.242000+00:00,2026-09-29 07:21:35.586685+00:00,,True
dfb95fe0_2026-09-29_09-14-28,,,1,0,0,-8.352495,-1.94521,-1,-1,FR,in_person,2026-09-29 07:21:25.782000+00:00,2026-09-29 07:21:35.586685+00:00,,True
dfb95fe0_2026-09-29_09-14-28,,,2,0,0,-8.352495,-1.94521,-1,-1,FR,in_person,2026-09-29 07:21:30.970000+00:00,2026-09-29 07:21:35.586685+00:00,,True
dfb95fe0_2026-09-29_09-14-28,,,0,3,5,-2.471398,0.06498116,-1,-1,FR,in_person,2026-09-29 07:23:21.354000+00:00,2026-09-29 07:24:41.665864+00:00,,True
dfb95fe0_2026-09-29_09-14-28,,,0,3,5,9.61,0.0,9,8,FR,in_person,2026-09-29 07:23:24.266000+00:00,2026-09-29 07:24:41.665864+00:00,,False
dfb95fe0_2026-09-29_09-14-28,,,1,3,5,-2.468611,0.06496614,-1,-1,FR,in_person,2026-09-29 07:23:27.600000+00:00,2026-09-29 07:24:41.665864+00:00,,True
dfb95fe0_2026-09-29_09-14-28,,,1,3,5,9.61,0.0,5,6,FR,in_person,2026-09-29 07:23:28.837000+00:00,2026-09-29 07:24:41.665864+00:00,,False
dfb95fe0_2026-09-29_09-14-28,,,2,3,5,-2.471398,0.06498116,-1,-1,FR,in_person,2026-09-29 07:23:36.154000+00:00,2026-09-29 07:24:41.665864+00:00,,True
dfb95fe0_2026-09-29_09-14-28,,,2,3,5,9.61,0.0,5,9,FR,in_person,2026-09-29 07:23:37.762000+00:00,2026-09-29 07:24:41.665864+00:00,,False
dfb95fe0_2026-09-29_09-14-28,,,3,3,6,0.1300135,0.06496614,-1,-1,FR,in_person,2026-09-29 07:23:40.972000+00:00,2026-09-29 07:24:41.665864+00:00,,True
dfb95fe0_2026-09-29_09-14-28,,,3,3,6,9.61,0.0,6,7,FR,in_person,2026-09-29 07:23:42.099000+00:00,2026-09-29 07:24:41.665864+00:00,,False
dfb95fe0_2026-09-29_09-14-28,,,4,3,5,-2.468611,0.06496614,-1,-1,FR,in_person,2026-09-29 07:23:45.488000+00:00,2026-09-29 07:24:41.665864+00:00,,True
dfb95fe0_2026-09-29_09-14-28,,,4,3,5,9.61,0.0,9,9,FR,in_person,2026-09-29 07:23:46.779000+00:00,2026-09-29 07:24:41.665864+00:00,,False
dfb95fe0_2026-09-29_09-14-28,,,5,3,4,-5.067237,0.06496614,-1,-1,FR,in_person,2026-09-29 07:23:49.818000+00:00,2026-09-29 07:24:41.665864+00:00,,True
dfb95fe0_2026-09-29_09-14-28,,,5,3,4,9.61,0.0,9,5,FR,in_person,2026-09-29 07:23:51.159000+00:00,2026-09-29 07:24:41.665864+00:00,,False
dfb95fe0_2026-09-29_09-14-28,,,6,2,5,-2.46504,-2.532911,-1,-1,FR,in_person,2026-09-29 07:23:54.410000+00:00,2026-09-29 07:24:41.665864+00:00,,True
dfb95fe0_2026-09-29_09-14-28,,,6,2,5,9.61,0.0,9,7,FR,in_person,2026-09-29 07:23:55.942000+00:00,2026-09-29 07:24:41.665864+00:00,,False
dfb95fe0_2026-09-29_09-14-28,,,7,1,1,-12.86311,-5.132285,-1,-1,FR,in_person,2026-09-29 07:23:59.226000+00:00,2026-09-29 07:24:41.665864+00:00,,True
dfb95fe0_2026-09-29_09-14-28,,,7,1,1,9.61,0.0,5,10,FR,in_person,2026-09-29 07:24:00.885000+00:00,2026-09-29 07:24:41.665864+00:00,,False
dfb95fe0_2026-09-29_09-14-28,,,8,4,1,-12.86311,2.663591,-1,-1,FR,in_person,2026-09-29 07:24:04.080000+00:00,2026-09-29 07:24:41.665864+00:00,,True
dfb95fe0_2026-09-29_09-14-28,,,8,4,1,9.61,0.0,9,5,FR,in_person,2026-09-29 07:24:05.580000+00:00,2026-09-29 07:24:41.665864+00:00,,False
dfb95fe0_2026-09-29_09-14-28,,,9,4,2,-10.26449,2.663591,-1,-1,FR,in_person,2026-09-29 07:24:08.814000+00:00,2026-09-29 07:24:41.665864+00:00,,True
dfb95fe0_2026-09-29_09-14-28,,,9,4,2,9.61,0.0,9,10,FR,in_person,2026-09-29 07:24:10.372000+00:00,2026-09-29 07:24:41.665864+00:00,,False
