id,session_id,data_type,received_at,data
1,dfb95fe0_2026-09-29_09-14-28,questionnaire,2026-09-29 07:16:04.609572+00,"{""context"": ""in_person"", ""language"": ""FR"", ""question"": ""language"", ""response"": ""FR"", ""study_id"": """", ""data_type"": ""questionnaire"", ""session_id"": ""dfb95fe0_2026-09-29_09-14-28"", ""client_time"": ""2026-09-29T07:16:04.541Z"", ""prolific_pid"": """", ""prolific_session"": """", ""questionnaire_id"": ""language""}"
2,dfb95fe0_2026-09-29_09-14-28,questionnaire,2026-09-29 07:17:39.45471+00,"{""context"": ""in_person"", ""language"": ""FR"", ""question"": ""status"", ""response"": ""thésard"", ""study_id"": """", ""data_type"": ""questionnaire"", ""session_id"": ""dfb95fe0_2026-09-29_09-14-28"", ""client_time"": ""2026-09-29T07:17:39.401Z"", ""prolific_pid"": """", ""prolific_session"": """", ""questionnaire_id"": ""demographics""}"
3,dfb95fe0_2026-09-29_09-14-28,questionnaire,2026-09-29 07:17:39.45471+00,"{""context"": ""in_person"", ""language"": ""FR"", ""question"": ""education"", ""response"": ""bac + 6"", ""study_id"": """", ""data_type"": ""questionnaire"", ""session_id"": ""dfb95fe0_2026-09-29_09-14-28"", ""client_time"": ""2026-09-29T07:17:39.401Z"", ""prolific_pid"": """", ""prolific_session"": """", ""questionnaire_id"": ""demographics""}"
4,dfb95fe0_2026-09-29_09-14-28,questionnaire,2026-09-29 07:17:39.45471+00,"{""context"": ""in_person"", ""language"": ""FR"", ""question"": ""age"", ""response"": ""2"", ""study_id"": """", ""data_type"": ""questionnaire"", ""session_id"": ""dfb95fe0_2026-09-29_09-14-28"", ""client_time"": ""2026-09-29T07:17:39.401Z"", ""prolific_pid"": """", ""prolific_session"": """", ""questionnaire_id"": ""demographics""}"
5,dfb95fe0_2026-09-29_09-14-28,questionnaire,2026-09-29 07:18:05.260768+00,"{""context"": ""in_person"", ""language"": ""FR"", ""question"": ""curieux / curieuse"", ""response"": ""un tout petit peu"", ""study_id"": """", ""data_type"": ""questionnaire"", ""session_id"": ""dfb95fe0_2026-09-29_09-14-28"", ""client_time"": ""2026-09-29T07:17:45.614Z"", ""prolific_pid"": """", ""prolific_session"": """", ""questionnaire_id"": ""EES""}"
6,dfb95fe0_2026-09-29_09-14-28,questionnaire,2026-09-29 07:18:05.260768+00,"{""context"": ""in_person"", ""language"": ""FR"", ""question"": ""confus / confuse"", ""response"": ""fort"", ""study_id"": """", ""data_type"": ""questionnaire"", ""session_id"": ""dfb95fe0_2026-09-29_09-14-28"", ""client_time"": ""2026-09-29T07:17:47.334Z"", ""prolific_pid"": """", ""prolific_session"": """", ""questionnaire_id"": ""EES""}"
7,dfb95fe0_2026-09-29_09-14-28,questionnaire,2026-09-29 07:18:05.260768+00,"{""context"": ""in_person"", ""language"": ""FR"", ""question"": ""anxieux / anxieuse"", ""response"": ""fort"", ""study_id"": """", ""data_type"": ""questionnaire"", ""session_id"": ""dfb95fe0_2026-09-29_09-14-28"", ""client_time"": ""2026-09-29T07:17:48.859Z"", ""prolific_pid"": """", ""prolific_session"": """", ""questionnaire_id"": ""EES""}"
8,dfb95fe0_2026-09-29_09-14-28,questionnaire,2026-09-29 07:18:05.260768+00,"{""context"": ""in_person"", ""language"": ""FR"", ""question"": ""excité / excitée"", ""response"": ""fort"", ""study_id"": """", ""data_type"": ""questionnaire"", ""session_id"": ""dfb95fe0_2026-09-29_09-14-28"", ""client_time"": ""2026-09-29T07:17:59.902Z"", ""prolific_pid"": """", ""prolific_session"": """", ""questionnaire_id"": ""EES""}"
9,dfb95fe0_2026-09-29_09-14-28,questionnaire,2026-09-29 07:18:05.260768+00,"{""context"": ""in_person"", ""language"": ""FR"", ""question"": ""ennuyé / ennuyée"", ""response"": ""très fort"", ""study_id"": """", ""data_type"": ""questionnaire"", ""session_id"": ""dfb95fe0_2026-09-29_09-14-28"", ""client_time"": ""2026-09-29T07:18:01.210Z"", ""prolific_pid"": """", ""prolific_session"": """", ""questionnaire_id"": ""EES""}"
10,dfb95fe0_2026-09-29_09-14-28,questionnaire,2026-09-29 07:18:05.260768+00,"{""context"": ""in_person"", ""language"": ""FR"", ""question"": ""surpris / surprise"", ""response"": ""fort"", ""study_id"": """", ""data_type"": ""questionnaire"", ""session_id"": ""dfb95fe0_2026-09-29_09-14-28"", ""client_time"": ""2026-09-29T07:18:02.964Z"", ""prolific_pid"": """", ""prolific_session"": """", ""questionnaire_id"": ""EES""}"
11,dfb95fe0_2026-09-29_09-14-28,questionnaire,2026-09-29 07:18:05.260768+00,"{""context"": ""in_person"", ""language"": ""FR"", ""question"": ""frustré / frustrée"", ""response"": ""fort"", ""study_id"": """", ""data_type"": ""questionnaire"", ""session_id"": ""dfb95fe0_2026-09-29_09-14-28"", ""client_time"": ""2026-09-29T07:18:04.206Z"", ""prolific_pid"": """", ""prolific_session"": """", ""questionnaire_id"": ""EES""}"
12,dfb95fe0_2026-09-29_09-14-28,questionnaire,2026-09-29 07:18:30.687375+00,"{""context"": ""in_person"", ""language"": ""FR"", ""question"": ""Parce que je crois que cette activité est importante pour moi"", ""response"": ""modérément"", ""study_id"": """", ""data_type"": ""questionnaire"", ""session_id"": ""dfb95fe0_2026-09-29_09-14-28"", ""client_time"": ""2026-09-29T07:18:07.761Z"", ""prolific_pid"": """", ""prolific_session"": """", ""questionnaire_id"": ""SIMS""}"
13,dfb95fe0_2026-09-29_09-14-28,questionnaire,2026-09-29 07:18:30.687375+00,"{""context"": ""in_person"", ""language"": ""FR"", ""question"": ""Parce que c’est quelque chose que je dois faire"", ""response"": ""beaucoup"", ""study_id"": """", ""data_type"": ""questionnaire"", ""session_id"": ""dfb95fe0_2026-09-29_09-14-28"", ""client_time"": ""2026-09-29T07:18:10.315Z"", ""prolific_pid"": """", ""prolific_session"": """", ""questionnaire_id"": ""SIMS""}"
14,dfb95fe0_2026-09-29_09-14-28,questionnaire,2026-09-29 07:18:30.687375+00,"{""context"": ""in_person"", ""language"": ""FR"", ""question"": ""Parce que je pense que cette activité est bonne pour moi"", ""response"": ""beaucoup"", ""study_id"": """", ""data_type"": ""questionnaire"", ""session_id"": ""dfb95fe0_2026-09-29_09-14-28"", ""client_time"": ""2026-09-29T07:18:11.724Z"", ""prolific_pid"": """", ""prolific_session"": """", ""questionnaire_id"": ""SIMS""}"
15,dfb95fe0_2026-09-29_09-14-28,questionnaire,2026-09-29 07:18:30.687375+00,"{""context"": ""in_person"", ""language"": ""FR"", ""question"": ""Par choix personnel"", ""response"": ""beaucoup"", ""study_id"": """", ""data_type"": ""questionnaire"", ""session_id"": ""dfb95fe0_2026-09-29_09-14-28"", ""client_time"": ""2026-09-29T07:18:13.241Z"", ""prolific_pid"": """", ""prolific_session"": """", ""questionnaire_id"": ""SIMS""}"
16,dfb95fe0_2026-09-29_09-14-28,questionnaire,2026-09-29 07:18:30.687375+00,"{""context"": ""in_person"", ""language"": ""FR"", ""question"": ""Je ne sais pas ; je ne vois pas ce que cette activité m’apporte"", ""response"": ""beaucoup"", ""study_id"": """", ""data_type"": ""questionnaire"", ""session_id"": ""dfb95fe0_2026-09-29_09-14-28"", ""client_time"": ""2026-09-29T07:18:14.695Z"", ""prolific_pid"": """", ""prolific_session"": """", ""questionnaire_id"": ""SIMS""}"
17,dfb95fe0_2026-09-29_09-14-28,questionnaire,2026-09-29 07:18:30.687375+00,"{""context"": ""in_person"", ""language"": ""FR"", ""question"": ""Parce que je n’ai pas le choix"", ""response"": ""beaucoup"", ""study_id"": """", ""data_type"": ""questionnaire"", ""session_id"": ""dfb95fe0_2026-09-29_09-14-28"", ""client_time"": ""2026-09-29T07:18:16.170Z"", ""prolific_pid"": """", ""prolific_session"": """", ""questionnaire_id"": ""SIMS""}"
18,dfb95fe0_2026-09-29_09-14-28,questionnaire,2026-09-29 07:18:30.687375+00,"{""context"": ""in_person"", ""language"": ""FR"", ""question"": ""Il y a peut-être de bonnes raisons de faire cette activité, mais personnellement, je n’en vois aucune"", ""response"": ""beaucoup"", ""study_id"": """", ""data_type"": ""questionnaire"", ""session_id"": ""dfb95fe0_2026-09-29_09-14-28"", ""client_time"": ""2026-09-29T07:18:17.624Z"", ""prolific_pid"": """", ""prolific_session"": """", ""questionnaire_id"": ""SIMS""}"
19,dfb95fe0_2026-09-29_09-14-28,questionnaire,2026-09-29 07:18:30.687375+00,"{""context"": ""in_person"", ""language"": ""FR"", ""question"": ""Parce que je suis censé le faire"", ""response"": ""beaucoup"", ""study_id"": """", ""data_type"": ""questionnaire"", ""session_id"": ""dfb95fe0_2026-09-29_09-14-28"", ""client_time"": ""2026-09-29T07:18:18.991Z"", ""prolific_pid"": """", ""prolific_session"": """", ""questionnaire_id"": ""SIMS""}"
20,dfb95fe0_2026-09-29_09-14-28,questionnaire,2026-09-29 07:18:30.687375+00,"{""context"": ""in_person"", ""language"": ""FR"", ""question"": ""Parce que je trouve cette activité agréable"", ""response"": ""beaucoup"", ""study_id"": """", ""data_type"": ""questionnaire"", ""session_id"": ""dfb95fe0_2026-09-29_09-14-28"", ""client_time"": ""2026-09-29T07:18:20.358Z"", ""prolific_pid"": """", ""prolific_session"": """", ""questionnaire_id"": ""SIMS""}"
21,dfb95fe0_2026-09-29_09-14-28,questionnaire,2026-09-29 07:18:30.687375+00,"{""context"": ""in_person"", ""language"": ""FR"", ""question"": ""Parce que cette activité est amusante"", ""response"": ""beaucoup"", ""study_id"": """", ""data_type"": ""questionnaire"", ""session_id"": ""dfb95fe0_2026-09-29_09-14-28"", ""client_time"": ""2026-09-29T07:18:21.658Z"", ""prolific_pid"": """", ""prolific_session"": """", ""questionnaire_id"": ""SIMS""}"
22,dfb95fe0_2026-09-29_09-14-28,questionnaire,2026-09-29 07:18:30.687375+00,"{""context"": ""in_person"", ""language"": ""FR"", ""question"": ""Je pratique cette activité, mais je ne suis pas sûr que cela en vaille la peine"", ""response"": ""beaucoup"", ""study_id"": """", ""data_type"": ""questionnaire"", ""session_id"": ""dfb95fe0_2026-09-29_09-14-28"", ""client_time"": ""2026-09-29T07:18:22.954Z"", ""prolific_pid"": """", ""prolific_session"": """", ""questionnaire_id"": ""SIMS""}"
23,dfb95fe0_2026-09-29_09-14-28,questionnaire,2026-09-29 07:18:30.687375+00,"{""context"": ""in_person"", ""language"": ""FR"", ""question"": ""Je pratique cette activité, mais je ne suis pas sûr que ce soit une bonne chose de la poursuivre"", ""response"": ""beaucoup"", ""study_id"": """", ""data_type"": ""questionnaire"", ""session_id"": ""dfb95fe0_2026-09-29_09-14-28"", ""client_time"": ""2026-09-29T07:18:24.300Z"", ""prolific_pid"": """", ""prolific_session"": """", ""questionnaire_id"": ""SIMS""}"
24,dfb95fe0_2026-09-29_09-14-28,questionnaire,2026-09-29 07:18:30.687375+00,"{""context"": ""in_person"", ""language"": ""FR"", ""question"": ""Parce que je le fais pour mon propre bien"", ""response"": ""beaucoup"", ""study_id"": """", ""data_type"": ""questionnaire"", ""session_id"": ""dfb95fe0_2026-09-29_09-14-28"", ""client_time"": ""2026-09-29T07:18:25.642Z"", ""prolific_pid"": """", ""prolific_session"": """", ""questionnaire_id"": ""SIMS""}"
25,dfb95fe0_2026-09-29_09-14-28,questionnaire,2026-09-29 07:18:30.687375+00,"{""context"": ""in_person"", ""language"": ""FR"", ""question"": ""Parce que je sens que je dois le faire"", ""response"": ""beaucoup"", ""study_id"": """", ""data_type"": ""questionnaire"", ""session_id"": ""dfb95fe0_2026-09-29_09-14-28"", ""client_time"": ""2026-09-29T07:18:26.975Z"", ""prolific_pid"": """", ""prolific_session"": """", ""questionnaire_id"": ""SIMS""}"
26,dfb95fe0_2026-09-29_09-14-28,questionnaire,2026-09-29 07:18:30.687375+00,"{""context"": ""in_person"", ""language"": ""FR"", ""question"": ""Parce que je trouve cette activité intéressante"", ""response"": ""beaucoup"", ""study_id"": """", ""data_type"": ""questionnaire"", ""session_id"": ""dfb95fe0_2026-09-29_09-14-28"", ""client_time"": ""2026-09-29T07:18:28.300Z"", ""prolific_pid"": """", ""prolific_session"": """", ""questionnaire_id"": ""SIMS""}"
27,dfb95fe0_2026-09-29_09-14-28,questionnaire,2026-09-29 07:18:30.687375+00,"{""context"": ""in_person"", ""language"": ""FR"", ""question"": ""Parce que je me sens bien quand je pratique cette activité"", ""response"": ""beaucoup"", ""study_id"": """", ""data_type"": ""questionnaire"", ""session_id"": ""dfb95fe0_2026-09-29_09-14-28"", ""client_time"": ""2026-09-29T07:18:29.609Z"", ""prolific_pid"": """", ""prolific_session"": """", ""questionnaire_id"": ""SIMS""}"
28,dfb95fe0_2026-09-29_09-14-28,questionnaire,2026-09-29 07:19:12.215071+00,"{""context"": ""in_person"", ""language"": ""FR"", ""question"": ""Rien de ce que je fais n’est en réalité volontaire"", ""response"": ""fortement en désaccord"", ""study_id"": """", ""data_type"": ""questionnaire"", ""session_id"": ""dfb95fe0_2026-09-29_09-14-28"", ""client_time"": ""2026-09-29T07:18:36.505Z"", ""prolific_pid"": """", ""prolific_session"": """", ""questionnaire_id"": ""SoAS""}"
29,dfb95fe0_2026-09-29_09-14-28,questionnaire,2026-09-29 07:19:12.215071+00,"{""context"": ""in_person"", ""language"": ""FR"", ""question"": ""Mes mouvements sont automatiques : mon corps les effectue tout simplement"", ""response"": ""fortement en désaccord"", ""study_id"": """", ""data_type"": ""questionnaire"", ""session_id"": ""dfb95fe0_2026-09-29_09-14-28"", ""client_time"": ""2026-09-29T07:18:42.297Z"", ""prolific_pid"": """", ""prolific_session"": """", ""questionnaire_id"": ""SoAS""}"
30,dfb95fe0_2026-09-29_09-14-28,questionnaire,2026-09-29 07:19:12.215071+00,"{""context"": ""in_person"", ""language"": ""FR"", ""question"": ""Mes actions se produisent simplement, sans que je le veuille"", ""response"": ""neutre"", ""study_id"": """", ""data_type"": ""questionnaire"", ""session_id"": ""dfb95fe0_2026-09-29_09-14-28"", ""client_time"": ""2026-09-29T07:18:46.456Z"", ""prolific_pid"": """", ""prolific_session"": """", ""questionnaire_id"": ""SoAS""}"
31,dfb95fe0_2026-09-29_09-14-28,questionnaire,2026-09-29 07:19:12.215071+00,"{""context"": ""in_person"", ""language"": ""FR"", ""question"": ""Quand j’agis, j’ai l’impression d’être un robot télécommandé"", ""response"": ""en désaccord"", ""study_id"": """", ""data_type"": ""questionnaire"", ""session_id"": ""dfb95fe0_2026-09-29_09-14-28"", ""client_time"": ""2026-09-29T07:18:50.160Z"", ""prolific_pid"": """", ""prolific_session"": """", ""questionnaire_id"": ""SoAS""}"
32,dfb95fe0_2026-09-29_09-14-28,questionnaire,2026-09-29 07:19:12.215071+00,"{""context"": ""in_person"", ""language"": ""FR"", ""question"": ""Ce que je fais relève uniquement de mon libre arbitre"", ""response"": ""partiellement d'accord"", ""study_id"": """", ""data_type"": ""questionnaire"", ""session_id"": ""dfb95fe0_2026-09-29_09-14-28"", ""client_time"": ""2026-09-29T07:18:53.268Z"", ""prolific_pid"": """", ""prolific_session"": """", ""questionnaire_id"": ""SoAS""}"
33,dfb95fe0_2026-09-29_09-14-28,questionnaire,2026-09-29 07:19:12.215071+00,"{""context"": ""in_person"", ""language"": ""FR"", ""question"": ""C’est à moi qu’il revient de décider si et quand j’agis"", ""response"": ""d'accord"", ""study_id"": """", ""data_type"": ""questionnaire"", ""session_id"": ""dfb95fe0_2026-09-29_09-14-28"", ""client_time"": ""2026-09-29T07:18:57.598Z"", ""prolific_pid"": """", ""prolific_session"": """", ""questionnaire_id"": ""SoAS""}"
34,dfb95fe0_2026-09-29_09-14-28,questionnaire,2026-09-29 07:19:12.215071+00,"{""context"": ""in_person"", ""language"": ""FR"", ""question"": ""Je planifie mon comportement du début à la fin"", ""response"": ""d'accord"", ""study_id"": """", ""data_type"": ""questionnaire"", ""session_id"": ""dfb95fe0_2026-09-29_09-14-28"", ""client_time"": ""2026-09-29T07:18:59.536Z"", ""prolific_pid"": """", ""prolific_session"": """", ""questionnaire_id"": ""SoAS""}"
35,dfb95fe0_2026-09-29_09-14-28,questionnaire,2026-09-29 07:19:12.215071+00,"{""context"": ""in_person"", ""language"": ""FR"", ""question"": ""Les conséquences de mes actes me surprennent généralement"", ""response"": ""d'accord"", ""study_id"": """", ""data_type"": ""questionnaire"", ""session_id"": ""dfb95fe0_2026-09-29_09-14-28"", ""client_time"": ""2026-09-29T07:19:02.020Z"", ""prolific_pid"": """", ""prolific_session"": """", ""questionnaire_id"": ""SoAS""}"
36,dfb95fe0_2026-09-29_09-14-28,questionnaire,2026-09-29 07:19:12.215071+00,"{""context"": ""in_person"", ""language"": ""FR"", ""question"": ""Je suis en plein contrôle de ce que je fais"", ""response"": ""d'accord"", ""study_id"": """", ""data_type"": ""questionnaire"", ""session_id"": ""dfb95fe0_2026-09-29_09-14-28"", ""client_time"": ""2026-09-29T07:19:04.270Z"", ""prolific_pid"": """", ""prolific_session"": """", ""questionnaire_id"": ""SoAS""}"
69,dfb95fe0_2026-09-29_09-14-28,questionnaire,2026-09-29 07:24:41.665864+00,"{""context"": ""in_person"", ""language"": ""FR"", ""question"": ""excité / excitée"", ""response"": ""fort"", ""study_id"": """", ""data_type"": ""questionnaire"", ""session_id"": ""dfb95fe0_2026-09-29_09-14-28"", ""client_time"": ""2026-09-29T07:24:36.493Z"", ""prolific_pid"": """", ""prolific_session"": """", ""questionnaire_id"": ""EES""}"
37,dfb95fe0_2026-09-29_09-14-28,questionnaire,2026-09-29 07:19:12.215071+00,"{""context"": ""in_person"", ""language"": ""FR"", ""question"": ""Je ne suis qu'un instrument entre les mains de quelqu'un ou de quelque chose d'autre"", ""response"": ""fortement en désaccord"", ""study_id"": """", ""data_type"": ""questionnaire"", ""session_id"": ""dfb95fe0_2026-09-29_09-14-28"", ""client_time"": ""2026-09-29T07:19:08.015Z"", ""prolific_pid"": """", ""prolific_session"": """", ""questionnaire_id"": ""SoAS""}"
38,dfb95fe0_2026-09-29_09-14-28,questionnaire,2026-09-29 07:19:12.215071+00,"{""context"": ""in_person"", ""language"": ""FR"", ""question"": ""Je suis entièrement responsable de tout ce qui résulte de mes actes"", ""response"": ""d'accord"", ""study_id"": """", ""data_type"": ""questionnaire"", ""session_id"": ""dfb95fe0_2026-09-29_09-14-28"", ""client_time"": ""2026-09-29T07:19:11.170Z"", ""prolific_pid"": """", ""prolific_session"": """", ""questionnaire_id"": ""SoAS""}"
39,dfb95fe0_2026-09-29_09-14-28,exploration,2026-09-29 07:21:35.586685+00,"{""trial"": 0, ""context"": ""in_person"", ""language"": ""FR"", ""study_id"": """", ""data_type"": ""exploration"", ""position_x"": -8.356979, ""position_y"": -1.945135, ""session_id"": ""dfb95fe0_2026-09-29_09-14-28"", ""client_time"": ""2026-09-29T07:21:16.242Z"", ""actual_value"": -1, ""prolific_pid"": """", ""position_rowID"": 0, ""predicted_value"": -1, ""prolific_session"": """", ""position_columnID"": 0}"
40,dfb95fe0_2026-09-29_09-14-28,exploration,2026-09-29 07:21:35.586685+00,"{""trial"": 1, ""context"": ""in_person"", ""language"": ""FR"", ""study_id"": """", ""data_type"": ""exploration"", ""position_x"": -8.352495, ""position_y"": -1.94521, ""session_id"": ""dfb95fe0_2026-09-29_09-14-28"", ""client_time"": ""2026-09-29T07:21:25.782Z"", ""actual_value"": -1, ""prolific_pid"": """", ""position_rowID"": 0, ""predicted_value"": -1, ""prolific_session"": """", ""position_columnID"": 0}"
41,dfb95fe0_2026-09-29_09-14-28,exploration,2026-09-29 07:21:35.586685+00,"{""trial"": 2, ""context"": ""in_person"", ""language"": ""FR"", ""study_id"": """", ""data_type"": ""exploration"", ""position_x"": -8.352495, ""position_y"": -1.94521, ""session_id"": ""dfb95fe0_2026-09-29_09-14-28"", ""client_time"": ""2026-09-29T07:21:30.970Z"", ""actual_value"": -1, ""prolific_pid"": """", ""position_rowID"": 0, ""predicted_value"": -1, ""prolific_session"": """", ""position_columnID"": 0}"
42,dfb95fe0_2026-09-29_09-14-28,questionnaire,2026-09-29 07:23:15.126442+00,"{""context"": ""in_person"", ""language"": ""FR"", ""question"": ""epsilon"", ""response"": ""0,1"", ""study_id"": """", ""data_type"": ""questionnaire"", ""session_id"": ""dfb95fe0_2026-09-29_09-14-28"", ""client_time"": ""2026-09-29T07:23:15.099Z"", ""prolific_pid"": """", ""prolific_session"": """", ""questionnaire_id"": ""customization""}"
43,dfb95fe0_2026-09-29_09-14-28,questionnaire,2026-09-29 07:23:15.126442+00,"{""context"": ""in_person"", ""language"": ""FR"", ""question"": ""nStamps"", ""response"": ""34"", ""study_id"": """", ""data_type"": ""questionnaire"", ""session_id"": ""dfb95fe0_2026-09-29_09-14-28"", ""client_time"": ""2026-09-29T07:23:15.099Z"", ""prolific_pid"": """", ""prolific_session"": """", ""questionnaire_id"": ""customization""}"
44,dfb95fe0_2026-09-29_09-14-28,questionnaire,2026-09-29 07:23:15.126442+00,"{""context"": ""in_person"", ""language"": ""FR"", ""question"": ""container"", ""response"": ""side_grass (UnityEngine.GameObject)"", ""study_id"": """", ""data_type"": ""questionnaire"", ""session_id"": ""dfb95fe0_2026-09-29_09-14-28"", ""client_time"": ""2026-09-29T07:23:15.099Z"", ""prolific_pid"": """", ""prolific_session"": """", ""questionnaire_id"": ""customization""}"
45,dfb95fe0_2026-09-29_09-14-28,questionnaire,2026-09-29 07:24:41.665864+00,"{""context"": ""in_person"", ""language"": ""FR"", ""question"": ""chose_default"", ""response"": ""False"", ""study_id"": """", ""data_type"": ""questionnaire"", ""session_id"": ""dfb95fe0_2026-09-29_09-14-28"", ""client_time"": ""2026-09-29T07:23:20.549Z"", ""prolific_pid"": """", ""prolific_session"": """", ""questionnaire_id"": ""confirm_customizatio""}"
46,dfb95fe0_2026-09-29_09-14-28,exploration,2026-09-29 07:24:41.665864+00,"{""trial"": 0, ""context"": ""in_person"", ""language"": ""FR"", ""study_id"": """", ""data_type"": ""exploration"", ""position_x"": -2.471398, ""position_y"": 0.06498116, ""session_id"": ""dfb95fe0_2026-09-29_09-14-28"", ""client_time"": ""2026-09-29T07:23:21.354Z"", ""actual_value"": -1, ""prolific_pid"": """", ""position_rowID"": 3, ""predicted_value"": -1, ""prolific_session"": """", ""position_columnID"": 5}"
47,dfb95fe0_2026-09-29_09-14-28,exploration,2026-09-29 07:24:41.665864+00,"{""trial"": 0, ""context"": ""in_person"", ""language"": ""FR"", ""study_id"": """", ""data_type"": ""exploration"", ""position_x"": 9.61, ""position_y"": 0, ""session_id"": ""dfb95fe0_2026-09-29_09-14-28"", ""client_time"": ""2026-09-29T07:23:24.266Z"", ""actual_value"": 8, ""prolific_pid"": """", ""position_rowID"": 3, ""predicted_value"": 9, ""prolific_session"": """", ""position_columnID"": 5}"
48,dfb95fe0_2026-09-29_09-14-28,exploration,2026-09-29 07:24:41.665864+00,"{""trial"": 1, ""context"": ""in_person"", ""language"": ""FR"", ""study_id"": """", ""data_type"": ""exploration"", ""position_x"": -2.468611, ""position_y"": 0.06496614, ""session_id"": ""dfb95fe0_2026-09-29_09-14-28"", ""client_time"": ""2026-09-29T07:23:27.600Z"", ""actual_value"": -1, ""prolific_pid"": """", ""position_rowID"": 3, ""predicted_value"": -1, ""prolific_session"": """", ""position_columnID"": 5}"
49,dfb95fe0_2026-09-29_09-14-28,exploration,2026-09-29 07:24:41.665864+00,"{""trial"": 1, ""context"": ""in_person"", ""language"": ""FR"", ""study_id"": """", ""data_type"": ""exploration"", ""position_x"": 9.61, ""position_y"": 0, ""session_id"": ""dfb95fe0_2026-09-29_09-14-28"", ""client_time"": ""2026-09-29T07:23:28.837Z"", ""actual_value"": 6, ""prolific_pid"": """", ""position_rowID"": 3, ""predicted_value"": 5, ""prolific_session"": """", ""position_columnID"": 5}"
50,dfb95fe0_2026-09-29_09-14-28,exploration,2026-09-29 07:24:41.665864+00,"{""trial"": 2, ""context"": ""in_person"", ""language"": ""FR"", ""study_id"": """", ""data_type"": ""exploration"", ""position_x"": -2.471398, ""position_y"": 0.06498116, ""session_id"": ""dfb95fe0_2026-09-29_09-14-28"", ""client_time"": ""2026-09-29T07:23:36.154Z"", ""actual_value"": -1, ""prolific_pid"": """", ""position_rowID"": 3, ""predicted_value"": -1, ""prolific_session"": """", ""position_columnID"": 5}"
51,dfb95fe0_2026-09-29_09-14-28,exploration,2026-09-29 07:24:41.665864+00,"{""trial"": 2, ""context"": ""in_person"", ""language"": ""FR"", ""study_id"": """", ""data_type"": ""exploration"", ""position_x"": 9.61, ""position_y"": 0, ""session_id"": ""dfb95fe0_2026-09-29_09-14-28"", ""client_time"": ""2026-09-29T07:23:37.762Z"", ""actual_value"": 9, ""prolific_pid"": """", ""position_rowID"": 3, ""predicted_value"": 5, ""prolific_session"": """", ""position_columnID"": 5}"
52,dfb95fe0_2026-09-29_09-14-28,exploration,2026-09-29 07:24:41.665864+00,"{""trial"": 3, ""context"": ""in_person"", ""language"": ""FR"", ""study_id"": """", ""data_type"": ""exploration"", ""position_x"": 0.1300135, ""position_y"": 0.06496614, ""session_id"": ""dfb95fe0_2026-09-29_09-14-28"", ""client_time"": ""2026-09-29T07:23:40.972Z"", ""actual_value"": -1, ""prolific_pid"": """", ""position_rowID"": 3, ""predicted_value"": -1, ""prolific_session"": """", ""position_columnID"": 6}"
53,dfb95fe0_2026-09-29_09-14-28,exploration,2026-09-29 07:24:41.665864+00,"{""trial"": 3, ""context"": ""in_person"", ""language"": ""FR"", ""study_id"": """", ""data_type"": ""exploration"", ""position_x"": 9.61, ""position_y"": 0, ""session_id"": ""dfb95fe0_2026-09-29_09-14-28"", ""client_time"": ""2026-09-29T07:23:42.099Z"", ""actual_value"": 7, ""prolific_pid"": """", ""position_rowID"": 3, ""predicted_value"": 6, ""prolific_session"": """", ""position_columnID"": 6}"
54,dfb95fe0_2026-09-29_09-14-28,exploration,2026-09-29 07:24:41.665864+00,"{""trial"": 4, ""context"": ""in_person"", ""language"": ""FR"", ""study_id"": """", ""data_type"": ""exploration"", ""position_x"": -2.468611, ""position_y"": 0.06496614, ""session_id"": ""dfb95fe0_2026-09-29_09-14-28"", ""client_time"": ""2026-09-29T07:23:45.488Z"", ""actual_value"": -1, ""prolific_pid"": """", ""position_rowID"": 3, ""predicted_value"": -1, ""prolific_session"": """", ""position_columnID"": 5}"
55,dfb95fe0_2026-09-29_09-14-28,exploration,2026-09-29 07:24:41.665864+00,"{""trial"": 4, ""context"": ""in_person"", ""language"": ""FR"", ""study_id"": """", ""data_type"": ""exploration"", ""position_x"": 9.61, ""position_y"": 0, ""session_id"": ""dfb95fe0_2026-09-29_09-14-28"", ""client_time"": ""2026-09-29T07:23:46.779Z"", ""actual_value"": 9, ""prolific_pid"": """", ""position_rowID"": 3, ""predicted_value"": 9, ""prolific_session"": """", ""position_columnID"": 5}"
56,dfb95fe0_2026-09-29_09-14-28,exploration,2026-09-29 07:24:41.665864+00,"{""trial"": 5, ""context"": ""in_person"", ""language"": ""FR"", ""study_id"": """", ""data_type"": ""exploration"", ""position_x"": -5.067237, ""position_y"": 0.06496614, ""session_id"": ""dfb95fe0_2026-09-29_09-14-28"", ""client_time"": ""2026-09-29T07:23:49.818Z"", ""actual_value"": -1, ""prolific_pid"": """", ""position_rowID"": 3, ""predicted_value"": -1, ""prolific_session"": """", ""position_columnID"": 4}"
57,dfb95fe0_2026-09-29_09-14-28,exploration,2026-09-29 07:24:41.665864+00,"{""trial"": 5, ""context"": ""in_person"", ""language"": ""FR"", ""study_id"": """", ""data_type"": ""exploration"", ""position_x"": 9.61, ""position_y"": 0, ""session_id"": ""dfb95fe0_2026-09-29_09-14-28"", ""client_time"": ""2026-09-29T07:23:51.159Z"", ""actual_value"": 5, ""prolific_pid"": """", ""position_rowID"": 3, ""predicted_value"": 9, ""prolific_session"": """", ""position_columnID"": 4}"
58,dfb95fe0_2026-09-29_09-14-28,exploration,2026-09-29 07:24:41.665864+00,"{""trial"": 6, ""context"": ""in_person"", ""language"": ""FR"", ""study_id"": """", ""data_type"": ""exploration"", ""position_x"": -2.46504, ""position_y"": -2.532911, ""session_id"": ""dfb95fe0_2026-09-29_09-14-28"", ""client_time"": ""2026-09-29T07:23:54.410Z"", ""actual_value"": -1, ""prolific_pid"": """", ""position_rowID"": 2, ""predicted_value"": -1, ""prolific_session"": """", ""position_columnID"": 5}"
59,dfb95fe0_2026-09-29_09-14-28,exploration,2026-09-29 07:24:41.665864+00,"{""trial"": 6, ""context"": ""in_person"", ""language"": ""FR"", ""study_id"": """", ""data_type"": ""exploration"", ""position_x"": 9.61, ""position_y"": 0, ""session_id"": ""dfb95fe0_2026-09-29_09-14-28"", ""client_time"": ""2026-09-29T07:23:55.942Z"", ""actual_value"": 7, ""prolific_pid"": """", ""position_rowID"": 2, ""predicted_value"": 9, ""prolific_session"": """", ""position_columnID"": 5}"
60,dfb95fe0_2026-09-29_09-14-28,exploration,2026-09-29 07:24:41.665864+00,"{""trial"": 7, ""context"": ""in_person"", ""language"": ""FR"", ""study_id"": """", ""data_type"": ""exploration"", ""position_x"": -12.86311, ""position_y"": -5.132285, ""session_id"": ""dfb95fe0_2026-09-29_09-14-28"", ""client_time"": ""2026-09-29T07:23:59.226Z"", ""actual_value"": -1, ""prolific_pid"": """", ""position_rowID"": 1, ""predicted_value"": -1, ""prolific_session"": """", ""position_columnID"": 1}"
61,dfb95fe0_2026-09-29_09-14-28,exploration,2026-09-29 07:24:41.665864+00,"{""trial"": 7, ""context"": ""in_person"", ""language"": ""FR"", ""study_id"": """", ""data_type"": ""exploration"", ""position_x"": 9.61, ""position_y"": 0, ""session_id"": ""dfb95fe0_2026-09-29_09-14-28"", ""client_time"": ""2026-09-29T07:24:00.885Z"", ""actual_value"": 10, ""prolific_pid"": """", ""position_rowID"": 1, ""predicted_value"": 5, ""prolific_session"": """", ""position_columnID"": 1}"
62,dfb95fe0_2026-09-29_09-14-28,exploration,2026-09-29 07:24:41.665864+00,"{""trial"": 8, ""context"": ""in_person"", ""language"": ""FR"", ""study_id"": """", ""data_type"": ""exploration"", ""position_x"": -12.86311, ""position_y"": 2.663591, ""session_id"": ""dfb95fe0_2026-09-29_09-14-28"", ""client_time"": ""2026-09-29T07:24:04.080Z"", ""actual_value"": -1, ""prolific_pid"": """", ""position_rowID"": 4, ""predicted_value"": -1, ""prolific_session"": """", ""position_columnID"": 1}"
63,dfb95fe0_2026-09-29_09-14-28,exploration,2026-09-29 07:24:41.665864+00,"{""trial"": 8, ""context"": ""in_person"", ""language"": ""FR"", ""study_id"": """", ""data_type"": ""exploration"", ""position_x"": 9.61, ""position_y"": 0, ""session_id"": ""dfb95fe0_2026-09-29_09-14-28"", ""client_time"": ""2026-09-29T07:24:05.580Z"", ""actual_value"": 5, ""prolific_pid"": """", ""position_rowID"": 4, ""predicted_value"": 9, ""prolific_session"": """", ""position_columnID"": 1}"
64,dfb95fe0_2026-09-29_09-14-28,exploration,2026-09-29 07:24:41.665864+00,"{""trial"": 9, ""context"": ""in_person"", ""language"": ""FR"", ""study_id"": """", ""data_type"": ""exploration"", ""position_x"": -10.26449, ""position_y"": 2.663591, ""session_id"": ""dfb95fe0_2026-09-29_09-14-28"", ""client_time"": ""2026-09-29T07:24:08.814Z"", ""actual_value"": -1, ""prolific_pid"": """", ""position_rowID"": 4, ""predicted_value"": -1, ""prolific_session"": """", ""position_columnID"": 2}"
65,dfb95fe0_2026-09-29_09-14-28,exploration,2026-09-29 07:24:41.665864+00,"{""trial"": 9, ""context"": ""in_person"", ""language"": ""FR"", ""study_id"": """", ""data_type"": ""exploration"", ""position_x"": 9.61, ""position_y"": 0, ""session_id"": ""dfb95fe0_2026-09-29_09-14-28"", ""client_time"": ""2026-09-29T07:24:10.372Z"", ""actual_value"": 10, ""prolific_pid"": """", ""position_rowID"": 4, ""predicted_value"": 9, ""prolific_session"": """", ""position_columnID"": 2}"
66,dfb95fe0_2026-09-29_09-14-28,questionnaire,2026-09-29 07:24:41.665864+00,"{""context"": ""in_person"", ""language"": ""FR"", ""question"": ""curieux / curieuse"", ""response"": ""fort"", ""study_id"": """", ""data_type"": ""questionnaire"", ""session_id"": ""dfb95fe0_2026-09-29_09-14-28"", ""client_time"": ""2026-09-29T07:24:32.051Z"", ""prolific_pid"": """", ""prolific_session"": """", ""questionnaire_id"": ""EES""}"
67,dfb95fe0_2026-09-29_09-14-28,questionnaire,2026-09-29 07:24:41.665864+00,"{""context"": ""in_person"", ""language"": ""FR"", ""question"": ""confus / confuse"", ""response"": ""fort"", ""study_id"": """", ""data_type"": ""questionnaire"", ""session_id"": ""dfb95fe0_2026-09-29_09-14-28"", ""client_time"": ""2026-09-29T07:24:33.730Z"", ""prolific_pid"": """", ""prolific_session"": """", ""questionnaire_id"": ""EES""}"
68,dfb95fe0_2026-09-29_09-14-28,questionnaire,2026-09-29 07:24:41.665864+00,"{""context"": ""in_person"", ""language"": ""FR"", ""question"": ""anxieux / anxieuse"", ""response"": ""fort"", ""study_id"": """", ""data_type"": ""questionnaire"", ""session_id"": ""dfb95fe0_2026-09-29_09-14-28"", ""client_time"": ""2026-09-29T07:24:35.172Z"", ""prolific_pid"": """", ""prolific_session"": """", ""questionnaire_id"": ""EES""}"
70,dfb95fe0_2026-09-29_09-14-28,questionnaire,2026-09-29 07:24:41.665864+00,"{""context"": ""in_person"", ""language"": ""FR"", ""question"": ""ennuyé / ennuyée"", ""response"": ""fort"", ""study_id"": """", ""data_type"": ""questionnaire"", ""session_id"": ""dfb95fe0_2026-09-29_09-14-28"", ""client_time"": ""2026-09-29T07:24:37.931Z"", ""prolific_pid"": """", ""prolific_session"": """", ""questionnaire_id"": ""EES""}"
71,dfb95fe0_2026-09-29_09-14-28,questionnaire,2026-09-29 07:24:41.665864+00,"{""context"": ""in_person"", ""language"": ""FR"", ""question"": ""surpris / surprise"", ""response"": ""fort"", ""study_id"": """", ""data_type"": ""questionnaire"", ""session_id"": ""dfb95fe0_2026-09-29_09-14-28"", ""client_time"": ""2026-09-29T07:24:39.272Z"", ""prolific_pid"": """", ""prolific_session"": """", ""questionnaire_id"": ""EES""}"
72,dfb95fe0_2026-09-29_09-14-28,questionnaire,2026-09-29 07:24:41.665864+00,"{""context"": ""in_person"", ""language"": ""FR"", ""question"": ""frustré / frustrée"", ""response"": ""fort"", ""study_id"": """", ""data_type"": ""questionnaire"", ""session_id"": ""dfb95fe0_2026-09-29_09-14-28"", ""client_time"": ""2026-09-29T07:24:40.639Z"", ""prolific_pid"": """", ""prolific_session"": """", ""questionnaire_id"": ""EES""}"
73,dfb95fe0_2026-09-29_09-14-28,questionnaire,2026-09-29 07:25:08.34392+00,"{""context"": ""in_person"", ""language"": ""FR"", ""question"": ""Parce que je crois que cette activité est importante pour moi"", ""response"": ""beaucoup"", ""study_id"": """", ""data_type"": ""questionnaire"", ""session_id"": ""dfb95fe0_2026-09-29_09-14-28"", ""client_time"": ""2026-09-29T07:24:46.907Z"", ""prolific_pid"": """", ""prolific_session"": """", ""questionnaire_id"": ""SIMS""}"
74,dfb95fe0_2026-09-29_09-14-28,questionnaire,2026-09-29 07:25:08.34392+00,"{""context"": ""in_person"", ""language"": ""FR"", ""question"": ""Parce que c’est quelque chose que je dois faire"", ""response"": ""beaucoup"", ""study_id"": """", ""data_type"": ""questionnaire"", ""session_id"": ""dfb95fe0_2026-09-29_09-14-28"", ""client_time"": ""2026-09-29T07:24:48.498Z"", ""prolific_pid"": """", ""prolific_session"": """", ""questionnaire_id"": ""SIMS""}"
75,dfb95fe0_2026-09-29_09-14-28,questionnaire,2026-09-29 07:25:08.34392+00,"{""context"": ""in_person"", ""language"": ""FR"", ""question"": ""Parce que je pense que cette activité est bonne pour moi"", ""response"": ""beaucoup"", ""study_id"": """", ""data_type"": ""questionnaire"", ""session_id"": ""dfb95fe0_2026-09-29_09-14-28"", ""client_time"": ""2026-09-29T07:24:50.598Z"", ""prolific_pid"": """", ""prolific_session"": """", ""questionnaire_id"": ""SIMS""}"
76,dfb95fe0_2026-09-29_09-14-28,questionnaire,2026-09-29 07:25:08.34392+00,"{""context"": ""in_person"", ""language"": ""FR"", ""question"": ""Par choix personnel"", ""response"": ""un petit peu"", ""study_id"": """", ""data_type"": ""questionnaire"", ""session_id"": ""dfb95fe0_2026-09-29_09-14-28"", ""client_time"": ""2026-09-29T07:24:51.897Z"", ""prolific_pid"": """", ""prolific_session"": """", ""questionnaire_id"": ""SIMS""}"
77,dfb95fe0_2026-09-29_09-14-28,questionnaire,2026-09-29 07:25:08.34392+00,"{""context"": ""in_person"", ""language"": ""FR"", ""question"": ""Je ne sais pas ; je ne vois pas ce que cette activité m’apporte"", ""response"": ""beaucoup"", ""study_id"": """", ""data_type"": ""questionnaire"", ""session_id"": ""dfb95fe0_2026-09-29_09-14-28"", ""client_time"": ""2026-09-29T07:24:53.127Z"", ""prolific_pid"": """", ""prolific_session"": """", ""questionnaire_id"": ""SIMS""}"
78,dfb95fe0_2026-09-29_09-14-28,questionnaire,2026-09-29 07:25:08.34392+00,"{""context"": ""in_person"", ""language"": ""FR"", ""question"": ""Parce que je n’ai pas le choix"", ""response"": ""un tout petit peu"", ""study_id"": """", ""data_type"": ""questionnaire"", ""session_id"": ""dfb95fe0_2026-09-29_09-14-28"", ""client_time"": ""2026-09-29T07:24:54.377Z"", ""prolific_pid"": """", ""prolific_session"": """", ""questionnaire_id"": ""SIMS""}"
79,dfb95fe0_2026-09-29_09-14-28,questionnaire,2026-09-29 07:25:08.34392+00,"{""context"": ""in_person"", ""language"": ""FR"", ""question"": ""Il y a peut-être de bonnes raisons de faire cette activité, mais personnellement, je n’en vois aucune"", ""response"": ""beaucoup"", ""study_id"": """", ""data_type"": ""questionnaire"", ""session_id"": ""dfb95fe0_2026-09-29_09-14-28"", ""client_time"": ""2026-09-29T07:24:55.619Z"", ""prolific_pid"": """", ""prolific_session"": """", ""questionnaire_id"": ""SIMS""}"
80,dfb95fe0_2026-09-29_09-14-28,questionnaire,2026-09-29 07:25:08.34392+00,"{""context"": ""in_person"", ""language"": ""FR"", ""question"": ""Parce que je suis censé le faire"", ""response"": ""modérément"", ""study_id"": """", ""data_type"": ""questionnaire"", ""session_id"": ""dfb95fe0_2026-09-29_09-14-28"", ""client_time"": ""2026-09-29T07:24:56.915Z"", ""prolific_pid"": """", ""prolific_session"": """", ""questionnaire_id"": ""SIMS""}"
81,dfb95fe0_2026-09-29_09-14-28,questionnaire,2026-09-29 07:25:08.34392+00,"{""context"": ""in_person"", ""language"": ""FR"", ""question"": ""Parce que je trouve cette activité agréable"", ""response"": ""pas du tout"", ""study_id"": """", ""data_type"": ""questionnaire"", ""session_id"": ""dfb95fe0_2026-09-29_09-14-28"", ""client_time"": ""2026-09-29T07:24:58.198Z"", ""prolific_pid"": """", ""prolific_session"": """", ""questionnaire_id"": ""SIMS""}"
82,dfb95fe0_2026-09-29_09-14-28,questionnaire,2026-09-29 07:25:08.34392+00,"{""context"": ""in_person"", ""language"": ""FR"", ""question"": ""Parce que cette activité est amusante"", ""response"": ""parfaitement"", ""study_id"": """", ""data_type"": ""questionnaire"", ""session_id"": ""dfb95fe0_2026-09-29_09-14-28"", ""client_time"": ""2026-09-29T07:24:59.398Z"", ""prolific_pid"": """", ""prolific_session"": """", ""questionnaire_id"": ""SIMS""}"
83,dfb95fe0_2026-09-29_09-14-28,questionnaire,2026-09-29 07:25:08.34392+00,"{""context"": ""in_person"", ""language"": ""FR"", ""question"": ""Je pratique cette activité, mais je ne suis pas sûr que cela en vaille la peine"", ""response"": ""modérément"", ""study_id"": """", ""data_type"": ""questionnaire"", ""session_id"": ""dfb95fe0_2026-09-29_09-14-28"", ""client_time"": ""2026-09-29T07:25:00.657Z"", ""prolific_pid"": """", ""prolific_session"": """", ""questionnaire_id"": ""SIMS""}"
84,dfb95fe0_2026-09-29_09-14-28,questionnaire,2026-09-29 07:25:08.34392+00,"{""context"": ""in_person"", ""language"": ""FR"", ""question"": ""Je pratique cette activité, mais je ne suis pas sûr que ce soit une bonne chose de la poursuivre"", ""response"": ""beaucoup"", ""study_id"": """", ""data_type"": ""questionnaire"", ""session_id"": ""dfb95fe0_2026-09-29_09-14-28"", ""client_time"": ""2026-09-29T07:25:01.944Z"", ""prolific_pid"": """", ""prolific_session"": """", ""questionnaire_id"": ""SIMS""}"
85,dfb95fe0_2026-09-29_09-14-28,questionnaire,2026-09-29 07:25:08.34392+00,"{""context"": ""in_person"", ""language"": ""FR"", ""question"": ""Parce que je le fais pour mon propre bien"", ""response"": ""modérément"", ""study_id"": """", ""data_type"": ""questionnaire"", ""session_id"": ""dfb95fe0_2026-09-29_09-14-28"", ""client_time"": ""2026-09-29T07:25:03.286Z"", ""prolific_pid"": """", ""prolific_session"": """", ""questionnaire_id"": ""SIMS""}"
86,dfb95fe0_2026-09-29_09-14-28,questionnaire,2026-09-29 07:25:08.34392+00,"{""context"": ""in_person"", ""language"": ""FR"", ""question"": ""Parce que je sens que je dois le faire"", ""response"": ""plutôt"", ""study_id"": """", ""data_type"": ""questionnaire"", ""session_id"": ""dfb95fe0_2026-09-29_09-14-28"", ""client_time"": ""2026-09-29T07:25:04.657Z"", ""prolific_pid"": """", ""prolific_session"": """", ""questionnaire_id"": ""SIMS""}"
87,dfb95fe0_2026-09-29_09-14-28,questionnaire,2026-09-29 07:25:08.34392+00,"{""context"": ""in_person"", ""language"": ""FR"", ""question"": ""Parce que je trouve cette activité intéressante"", ""response"": ""un petit peu"", ""study_id"": """", ""data_type"": ""questionnaire"", ""session_id"": ""dfb95fe0_2026-09-29_09-14-28"", ""client_time"": ""2026-09-29T07:25:05.990Z"", ""prolific_pid"": """", ""prolific_session"": """", ""questionnaire_id"": ""SIMS""}"
88,dfb95fe0_2026-09-29_09-14-28,questionnaire,2026-09-29 07:25:08.34392+00,"{""context"": ""in_person"", ""language"": ""FR"", ""question"": ""Parce que je me sens bien quand je pratique cette activité"", ""response"": ""beaucoup"", ""study_id"": """", ""data_type"": ""questionnaire"", ""session_id"": ""dfb95fe0_2026-09-29_09-14-28"", ""client_time"": ""2026-09-29T07:25:07.319Z"", ""prolific_pid"": """", ""prolific_session"": """", ""questionnaire_id"": ""SIMS""}"
89,dfb95fe0_2026-09-29_09-14-28,questionnaire,2026-09-29 07:25:49.034215+00,"{""context"": ""in_person"", ""language"": ""FR"", ""question"": ""Rien de ce que je fais n’est en réalité volontaire"", ""response"": ""neutre"", ""study_id"": """", ""data_type"": ""questionnaire"", ""session_id"": ""dfb95fe0_2026-09-29_09-14-28"", ""client_time"": ""2026-09-29T07:25:14.336Z"", ""prolific_pid"": """", ""prolific_session"": """", ""questionnaire_id"": ""SoAS""}"
90,dfb95fe0_2026-09-29_09-14-28,questionnaire,2026-09-29 07:25:49.034215+00,"{""context"": ""in_person"", ""language"": ""FR"", ""question"": ""Mes mouvements sont automatiques : mon corps les effectue tout simplement"", ""response"": ""partiellement d'accord"", ""study_id"": """", ""data_type"": ""questionnaire"", ""session_id"": ""dfb95fe0_2026-09-29_09-14-28"", ""client_time"": ""2026-09-29T07:25:15.598Z"", ""prolific_pid"": """", ""prolific_session"": """", ""questionnaire_id"": ""SoAS""}"
91,dfb95fe0_2026-09-29_09-14-28,questionnaire,2026-09-29 07:25:49.034215+00,"{""context"": ""in_person"", ""language"": ""FR"", ""question"": ""Mes actions se produisent simplement, sans que je le veuille"", ""response"": ""d'accord"", ""study_id"": """", ""data_type"": ""questionnaire"", ""session_id"": ""dfb95fe0_2026-09-29_09-14-28"", ""client_time"": ""2026-09-29T07:25:17.053Z"", ""prolific_pid"": """", ""prolific_session"": """", ""questionnaire_id"": ""SoAS""}"
92,dfb95fe0_2026-09-29_09-14-28,questionnaire,2026-09-29 07:25:49.034215+00,"{""context"": ""in_person"", ""language"": ""FR"", ""question"": ""Quand j’agis, j’ai l’impression d’être un robot télécommandé"", ""response"": ""neutre"", ""study_id"": """", ""data_type"": ""questionnaire"", ""session_id"": ""dfb95fe0_2026-09-29_09-14-28"", ""client_time"": ""2026-09-29T07:25:18.378Z"", ""prolific_pid"": """", ""prolific_session"": """", ""questionnaire_id"": ""SoAS""}"
93,dfb95fe0_2026-09-29_09-14-28,questionnaire,2026-09-29 07:25:49.034215+00,"{""context"": ""in_person"", ""language"": ""FR"", ""question"": ""Ce que je fais relève uniquement de mon libre arbitre"", ""response"": ""partiellement en désaccord"", ""study_id"": """", ""data_type"": ""questionnaire"", ""session_id"": ""dfb95fe0_2026-09-29_09-14-28"", ""client_time"": ""2026-09-29T07:25:19.536Z"", ""prolific_pid"": """", ""prolific_session"": """", ""questionnaire_id"": ""SoAS""}"
94,dfb95fe0_2026-09-29_09-14-28,questionnaire,2026-09-29 07:25:49.034215+00,"{""context"": ""in_person"", ""language"": ""FR"", ""question"": ""C’est à moi qu’il revient de décider si et quand j’agis"", ""response"": ""partiellement d'accord"", ""study_id"": """", ""data_type"": ""questionnaire"", ""session_id"": ""dfb95fe0_2026-09-29_09-14-28"", ""client_time"": ""2026-09-29T07:25:20.761Z"", ""prolific_pid"": """", ""prolific_session"": """", ""questionnaire_id"": ""SoAS""}"
95,dfb95fe0_2026-09-29_09-14-28,questionnaire,2026-09-29 07:25:49.034215+00,"{""context"": ""in_person"", ""language"": ""FR"", ""question"": ""Je planifie mon comportement du début à la fin"", ""response"": ""d'accord"", ""study_id"": """", ""data_type"": ""questionnaire"", ""session_id"": ""dfb95fe0_2026-09-29_09-14-28"", ""client_time"": ""2026-09-29T07:25:22.295Z"", ""prolific_pid"": """", ""prolific_session"": """", ""questionnaire_id"": ""SoAS""}"
96,dfb95fe0_2026-09-29_09-14-28,questionnaire,2026-09-29 07:25:49.034215+00,"{""context"": ""in_person"", ""language"": ""FR"", ""question"": ""Les conséquences de mes actes me surprennent généralement"", ""response"": ""neutre"", ""study_id"": """", ""data_type"": ""questionnaire"", ""session_id"": ""dfb95fe0_2026-09-29_09-14-28"", ""client_time"": ""2026-09-29T07:25:24.099Z"", ""prolific_pid"": """", ""prolific_session"": """", ""questionnaire_id"": ""SoAS""}"
97,dfb95fe0_2026-09-29_09-14-28,questionnaire,2026-09-29 07:25:49.034215+00,"{""context"": ""in_person"", ""language"": ""FR"", ""question"": ""Je suis en plein contrôle ce que je fais"", ""response"": ""partiellement d'accord"", ""study_id"": """", ""data_type"": ""questionnaire"", ""session_id"": ""dfb95fe0_2026-09-29_09-14-28"", ""client_time"": ""2026-09-29T07:25:45.496Z"", ""prolific_pid"": """", ""prolific_session"": """", ""questionnaire_id"": ""SoAS""}"
98,dfb95fe0_2026-09-29_09-14-28,questionnaire,2026-09-29 07:25:49.034215+00,"{""context"": ""in_person"", ""language"": ""FR"", ""question"": ""Je ne suis qu'un instrument entre les mains de quelqu'un ou de quelque chose d'autre"", ""response"": ""d'accord"", ""study_id"": """", ""data_type"": ""questionnaire"", ""session_id"": ""dfb95fe0_2026-09-29_09-14-28"", ""client_time"": ""2026-09-29T07:25:46.753Z"", ""prolific_pid"": """", ""prolific_session"": """", ""questionnaire_id"": ""SoAS""}"
99,dfb95fe0_2026-09-29_09-14-28,questionnaire,2026-09-29 07:25:49.034215+00,"{""context"": ""in_person"", ""language"": ""FR"", ""question"": ""Je suis entièrement responsable de tout ce qui résulte de mes actes"", ""response"": ""neutre"", ""study_id"": """", ""data_type"": ""questionnaire"", ""session_id"": ""dfb95fe0_2026-09-29_09-14-28"", ""client_time"": ""2026-09-29T07:25:47.983Z"", ""prolific_pid"": """", ""prolific_session"": """", ""questionnaire_id"": ""SoAS""}"
100,dfb95fe0_2026-09-29_09-14-28,questionnaire,2026-09-29 07:26:37.940723+00,"{""context"": ""in_person"", ""language"": ""FR"", ""question"": ""prediction_future_size"", ""response"": """", ""study_id"": """", ""data_type"": ""questionnaire"", ""session_id"": ""dfb95fe0_2026-09-29_09-14-28"", ""client_time"": ""2026-09-29T07:26:37.910Z"", ""prolific_pid"": """", ""prolific_session"": """", ""questionnaire_id"": ""post_open_questions""}"
101,dfb95fe0_2026-09-29_09-14-28,questionnaire,2026-09-29 07:26:37.940723+00,"{""context"": ""in_person"", ""language"": ""FR"", ""question"": ""prediction_rule"", ""response"": ""q"", ""study_id"": """", ""data_type"": ""questionnaire"", ""session_id"": ""dfb95fe0_2026-09-29_09-14-28"", ""client_time"": ""2026-09-29T07:26:37.910Z"", ""prolific_pid"": """", ""prolific_session"": """", ""questionnaire_id"": ""post_open_questions""}"
102,dfb95fe0_2026-09-29_09-14-28,questionnaire,2026-09-29 07:26:37.940723+00,"{""context"": ""in_person"", ""language"": ""FR"", ""question"": ""exploration"", ""response"": ""q"", ""study_id"": """", ""data_type"": ""questionnaire"", ""session_id"": ""dfb95fe0_2026-09-29_09-14-28"", ""client_time"": ""2026-09-29T07:26:37.910Z"", ""prolific_pid"": """", ""prolific_session"": """", ""questionnaire_id"": ""post_open_questions""}"
103,dfb95fe0_2026-09-29_09-14-28,questionnaire,2026-09-29 07:26:37.940723+00,"{""context"": ""in_person"", ""language"": ""FR"", ""question"": ""exploration_dynamic"", ""response"": ""a"", ""study_id"": """", ""data_type"": ""questionnaire"", ""session_id"": ""dfb95fe0_2026-09-29_09-14-28"", ""client_time"": ""2026-09-29T07:26:37.910Z"", ""prolific_pid"": """", ""prolific_session"": """", ""questionnaire_id"": ""post_open_questions""}"
104,dfb95fe0_2026-09-29_09-14-28,questionnaire,2026-09-29 07:26:37.940723+00,"{""context"": ""in_person"", ""language"": ""FR"", ""question"": ""goal"", ""response"": ""q"", ""study_id"": """", ""data_type"": ""questionnaire"", ""session_id"": ""dfb95fe0_2026-09-29_09-14-28"", ""client_time"": ""2026-09-29T07:26:37.910Z"", ""prolific_pid"": """", ""prolific_session"": """", ""questionnaire_id"": ""post_open_questions""}"
105,dfb95fe0_2026-09-29_09-14-28,questionnaire,2026-09-29 07:28:41.839289+00,"{""context"": ""in_person"", ""language"": ""FR"", ""question"": ""ornithorynque"", ""response"": ""extrêmement familier"", ""study_id"": """", ""data_type"": ""questionnaire"", ""session_id"": ""dfb95fe0_2026-09-29_09-14-28"", ""client_time"": ""2026-09-29T07:26:52.518Z"", ""prolific_pid"": """", ""prolific_session"": """", ""questionnaire_id"": ""ChildOCQ""}"
106,dfb95fe0_2026-09-29_09-14-28,questionnaire,2026-09-29 07:28:41.839289+00,"{""context"": ""in_person"", ""language"": ""FR"", ""question"": ""araignée"", ""response"": ""extrêmement familier"", ""study_id"": """", ""data_type"": ""questionnaire"", ""session_id"": ""dfb95fe0_2026-09-29_09-14-28"", ""client_time"": ""2026-09-29T07:26:54.252Z"", ""prolific_pid"": """", ""prolific_session"": """", ""questionnaire_id"": ""ChildOCQ""}"
107,dfb95fe0_2026-09-29_09-14-28,questionnaire,2026-09-29 07:28:41.839289+00,"{""context"": ""in_person"", ""language"": ""FR"", ""question"": ""piano"", ""response"": ""extrêmement familier"", ""study_id"": """", ""data_type"": ""questionnaire"", ""session_id"": ""dfb95fe0_2026-09-29_09-14-28"", ""client_time"": ""2026-09-29T07:26:55.764Z"", ""prolific_pid"": """", ""prolific_session"": """", ""questionnaire_id"": ""ChildOCQ""}"
108,dfb95fe0_2026-09-29_09-14-28,questionnaire,2026-09-29 07:28:41.839289+00,"{""context"": ""in_person"", ""language"": ""FR"", ""question"": ""Supergirl"", ""response"": ""extrêmement familier"", ""study_id"": """", ""data_type"": ""questionnaire"", ""session_id"": ""dfb95fe0_2026-09-29_09-14-28"", ""client_time"": ""2026-09-29T07:26:57.435Z"", ""prolific_pid"": """", ""prolific_session"": """", ""questionnaire_id"": ""ChildOCQ""}"
109,dfb95fe0_2026-09-29_09-14-28,questionnaire,2026-09-29 07:28:41.839289+00,"{""context"": ""in_person"", ""language"": ""FR"", ""question"": ""zèbre"", ""response"": ""extrêmement familier"", ""study_id"": """", ""data_type"": ""questionnaire"", ""session_id"": ""dfb95fe0_2026-09-29_09-14-28"", ""client_time"": ""2026-09-29T07:26:59.693Z"", ""prolific_pid"": """", ""prolific_session"": """", ""questionnaire_id"": ""ChildOCQ""}"
110,dfb95fe0_2026-09-29_09-14-28,questionnaire,2026-09-29 07:28:41.839289+00,"{""context"": ""in_person"", ""language"": ""FR"", ""question"": ""Batman"", ""response"": ""extrêmement familier"", ""study_id"": """", ""data_type"": ""questionnaire"", ""session_id"": ""dfb95fe0_2026-09-29_09-14-28"", ""client_time"": ""2026-09-29T07:27:01.347Z"", ""prolific_pid"": """", ""prolific_session"": """", ""questionnaire_id"": ""ChildOCQ""}"
111,dfb95fe0_2026-09-29_09-14-28,questionnaire,2026-09-29 07:28:41.839289+00,"{""context"": ""in_person"", ""language"": ""FR"", ""question"": ""gâteau"", ""response"": ""extrêmement familier"", ""study_id"": """", ""data_type"": ""questionnaire"", ""session_id"": ""dfb95fe0_2026-09-29_09-14-28"", ""client_time"": ""2026-09-29T07:27:02.910Z"", ""prolific_pid"": """", ""prolific_session"": """", ""questionnaire_id"": ""ChildOCQ""}"
112,dfb95fe0_2026-09-29_09-14-28,questionnaire,2026-09-29 07:28:41.839289+00,"{""context"": ""in_person"", ""language"": ""FR"", ""question"": ""macaronis au fromage"", ""response"": ""extrêmement familier"", ""study_id"": """", ""data_type"": ""questionnaire"", ""session_id"": ""dfb95fe0_2026-09-29_09-14-28"", ""client_time"": ""2026-09-29T07:27:05.352Z"", ""prolific_pid"": """", ""prolific_session"": """", ""questionnaire_id"": ""ChildOCQ""}"
113,dfb95fe0_2026-09-29_09-14-28,questionnaire,2026-09-29 07:28:41.839289+00,"{""context"": ""in_person"", ""language"": ""FR"", ""question"": ""Lapins crétins"", ""response"": ""extrêmement familier"", ""study_id"": """", ""data_type"": ""questionnaire"", ""session_id"": ""dfb95fe0_2026-09-29_09-14-28"", ""client_time"": ""2026-09-29T07:27:06.935Z"", ""prolific_pid"": """", ""prolific_session"": """", ""questionnaire_id"": ""ChildOCQ""}"
114,dfb95fe0_2026-09-29_09-14-28,questionnaire,2026-09-29 07:28:41.839289+00,"{""context"": ""in_person"", ""language"": ""FR"", ""question"": ""Melbourne"", ""response"": ""extrêmement familier"", ""study_id"": """", ""data_type"": ""questionnaire"", ""session_id"": ""dfb95fe0_2026-09-29_09-14-28"", ""client_time"": ""2026-09-29T07:27:08.897Z"", ""prolific_pid"": """", ""prolific_session"": """", ""questionnaire_id"": ""ChildOCQ""}"
115,dfb95fe0_2026-09-29_09-14-28,questionnaire,2026-09-29 07:28:41.839289+00,"{""context"": ""in_person"", ""language"": ""FR"", ""question"": ""brocefruit"", ""response"": ""pas du tout familier"", ""study_id"": """", ""data_type"": ""questionnaire"", ""session_id"": ""dfb95fe0_2026-09-29_09-14-28"", ""client_time"": ""2026-09-29T07:27:11.552Z"", ""prolific_pid"": """", ""prolific_session"": """", ""questionnaire_id"": ""ChildOCQ""}"
116,dfb95fe0_2026-09-29_09-14-28,questionnaire,2026-09-29 07:28:41.839289+00,"{""context"": ""in_person"", ""language"": ""FR"", ""question"": ""Disney World"", ""response"": ""extrêmement familier"", ""study_id"": """", ""data_type"": ""questionnaire"", ""session_id"": ""dfb95fe0_2026-09-29_09-14-28"", ""client_time"": ""2026-09-29T07:27:13.856Z"", ""prolific_pid"": """", ""prolific_session"": """", ""questionnaire_id"": ""ChildOCQ""}"
117,dfb95fe0_2026-09-29_09-14-28,questionnaire,2026-09-29 07:28:41.839289+00,"{""context"": ""in_person"", ""language"": ""FR"", ""question"": ""steobit"", ""response"": ""pas du tout familier"", ""study_id"": """", ""data_type"": ""questionnaire"", ""session_id"": ""dfb95fe0_2026-09-29_09-14-28"", ""client_time"": ""2026-09-29T07:27:16.218Z"", ""prolific_pid"": """", ""prolific_session"": """", ""questionnaire_id"": ""ChildOCQ""}"
118,dfb95fe0_2026-09-29_09-14-28,questionnaire,2026-09-29 07:28:41.839289+00,"{""context"": ""in_person"", ""language"": ""FR"", ""question"": ""plolin"", ""response"": ""pas du tout familier"", ""study_id"": """", ""data_type"": ""questionnaire"", ""session_id"": ""dfb95fe0_2026-09-29_09-14-28"", ""client_time"": ""2026-09-29T07:27:18.610Z"", ""prolific_pid"": """", ""prolific_session"": """", ""questionnaire_id"": ""ChildOCQ""}"
119,dfb95fe0_2026-09-29_09-14-28,questionnaire,2026-09-29 07:28:41.839289+00,"{""context"": ""in_person"", ""language"": ""FR"", ""question"": ""Elsa"", ""response"": ""un peu familier"", ""study_id"": """", ""data_type"": ""questionnaire"", ""session_id"": ""dfb95fe0_2026-09-29_09-14-28"", ""client_time"": ""2026-09-29T07:27:21.177Z"", ""prolific_pid"": """", ""prolific_session"": """", ""questionnaire_id"": ""ChildOCQ""}"
120,dfb95fe0_2026-09-29_09-14-28,questionnaire,2026-09-29 07:28:41.839289+00,"{""context"": ""in_person"", ""language"": ""FR"", ""question"": ""pamplemousse"", ""response"": ""un peu familier"", ""study_id"": """", ""data_type"": ""questionnaire"", ""session_id"": ""dfb95fe0_2026-09-29_09-14-28"", ""client_time"": ""2026-09-29T07:27:23.110Z"", ""prolific_pid"": """", ""prolific_session"": """", ""questionnaire_id"": ""ChildOCQ""}"
121,dfb95fe0_2026-09-29_09-14-28,questionnaire,2026-09-29 07:28:41.839289+00,"{""context"": ""in_person"", ""language"": ""FR"", ""question"": ""donbura"", ""response"": ""pas du tout familier"", ""study_id"": """", ""data_type"": ""questionnaire"", ""session_id"": ""dfb95fe0_2026-09-29_09-14-28"", ""client_time"": ""2026-09-29T07:27:26.077Z"", ""prolific_pid"": """", ""prolific_session"": """", ""questionnaire_id"": ""ChildOCQ""}"
122,dfb95fe0_2026-09-29_09-14-28,questionnaire,2026-09-29 07:28:41.839289+00,"{""context"": ""in_person"", ""language"": ""FR"", ""question"": ""batterie"", ""response"": ""assez familier"", ""study_id"": """", ""data_type"": ""questionnaire"", ""session_id"": ""dfb95fe0_2026-09-29_09-14-28"", ""client_time"": ""2026-09-29T07:27:28.715Z"", ""prolific_pid"": """", ""prolific_session"": """", ""questionnaire_id"": ""ChildOCQ""}"
123,dfb95fe0_2026-09-29_09-14-28,questionnaire,2026-09-29 07:28:41.839289+00,"{""context"": ""in_person"", ""language"": ""FR"", ""question"": ""flûte"", ""response"": ""extrêmement familier"", ""study_id"": """", ""data_type"": ""questionnaire"", ""session_id"": ""dfb95fe0_2026-09-29_09-14-28"", ""client_time"": ""2026-09-29T07:27:30.869Z"", ""prolific_pid"": """", ""prolific_session"": """", ""questionnaire_id"": ""ChildOCQ""}"
124,dfb95fe0_2026-09-29_09-14-28,questionnaire,2026-09-29 07:28:41.839289+00,"{""context"": ""in_person"", ""language"": ""FR"", ""question"": ""chocolat"", ""response"": ""extrêmement familier"", ""study_id"": """", ""data_type"": ""questionnaire"", ""session_id"": ""dfb95fe0_2026-09-29_09-14-28"", ""client_time"": ""2026-09-29T07:27:32.403Z"", ""prolific_pid"": """", ""prolific_session"": """", ""questionnaire_id"": ""ChildOCQ""}"
125,dfb95fe0_2026-09-29_09-14-28,questionnaire,2026-09-29 07:28:41.839289+00,"{""context"": ""in_person"", ""language"": ""FR"", ""question"": ""Ladybug"", ""response"": ""un peu familier"", ""study_id"": """", ""data_type"": ""questionnaire"", ""session_id"": ""dfb95fe0_2026-09-29_09-14-28"", ""client_time"": ""2026-09-29T07:27:35.752Z"", ""prolific_pid"": """", ""prolific_session"": """", ""questionnaire_id"": ""ChildOCQ""}"
126,dfb95fe0_2026-09-29_09-14-28,questionnaire,2026-09-29 07:28:41.839289+00,"{""context"": ""in_person"", ""language"": ""FR"", ""question"": ""crosoda"", ""response"": ""pas du tout familier"", ""study_id"": """", ""data_type"": ""questionnaire"", ""session_id"": ""dfb95fe0_2026-09-29_09-14-28"", ""client_time"": ""2026-09-29T07:27:37.911Z"", ""prolific_pid"": """", ""prolific_session"": """", ""questionnaire_id"": ""ChildOCQ""}"
127,dfb95fe0_2026-09-29_09-14-28,questionnaire,2026-09-29 07:28:41.839289+00,"{""context"": ""in_person"", ""language"": ""FR"", ""question"": ""bilbi"", ""response"": ""un peu familier"", ""study_id"": """", ""data_type"": ""questionnaire"", ""session_id"": ""dfb95fe0_2026-09-29_09-14-28"", ""client_time"": ""2026-09-29T07:27:40.353Z"", ""prolific_pid"": """", ""prolific_session"": """", ""questionnaire_id"": ""ChildOCQ""}"
128,dfb95fe0_2026-09-29_09-14-28,questionnaire,2026-09-29 07:28:41.839289+00,"{""context"": ""in_person"", ""language"": ""FR"", ""question"": ""lapin"", ""response"": ""assez familier"", ""study_id"": """", ""data_type"": ""questionnaire"", ""session_id"": ""dfb95fe0_2026-09-29_09-14-28"", ""client_time"": ""2026-09-29T07:27:42.240Z"", ""prolific_pid"": """", ""prolific_session"": """", ""questionnaire_id"": ""ChildOCQ""}"
129,dfb95fe0_2026-09-29_09-14-28,questionnaire,2026-09-29 07:28:41.839289+00,"{""context"": ""in_person"", ""language"": ""FR"", ""question"": ""avocat"", ""response"": ""modérément familier"", ""study_id"": """", ""data_type"": ""questionnaire"", ""session_id"": ""dfb95fe0_2026-09-29_09-14-28"", ""client_time"": ""2026-09-29T07:27:43.807Z"", ""prolific_pid"": """", ""prolific_session"": """", ""questionnaire_id"": ""ChildOCQ""}"
130,dfb95fe0_2026-09-29_09-14-28,questionnaire,2026-09-29 07:28:41.839289+00,"{""context"": ""in_person"", ""language"": ""FR"", ""question"": ""xylophone"", ""response"": ""extrêmement familier"", ""study_id"": """", ""data_type"": ""questionnaire"", ""session_id"": ""dfb95fe0_2026-09-29_09-14-28"", ""client_time"": ""2026-09-29T07:27:45.557Z"", ""prolific_pid"": """", ""prolific_session"": """", ""questionnaire_id"": ""ChildOCQ""}"
131,dfb95fe0_2026-09-29_09-14-28,questionnaire,2026-09-29 07:28:41.839289+00,"{""context"": ""in_person"", ""language"": ""FR"", ""question"": ""La Côte d'Or"", ""response"": ""assez familier"", ""study_id"": """", ""data_type"": ""questionnaire"", ""session_id"": ""dfb95fe0_2026-09-29_09-14-28"", ""client_time"": ""2026-09-29T07:27:47.227Z"", ""prolific_pid"": """", ""prolific_session"": """", ""questionnaire_id"": ""ChildOCQ""}"
132,dfb95fe0_2026-09-29_09-14-28,questionnaire,2026-09-29 07:28:41.839289+00,"{""context"": ""in_person"", ""language"": ""FR"", ""question"": ""kangourou"", ""response"": ""modérément familier"", ""study_id"": """", ""data_type"": ""questionnaire"", ""session_id"": ""dfb95fe0_2026-09-29_09-14-28"", ""client_time"": ""2026-09-29T07:27:48.836Z"", ""prolific_pid"": """", ""prolific_session"": """", ""questionnaire_id"": ""ChildOCQ""}"
133,dfb95fe0_2026-09-29_09-14-28,questionnaire,2026-09-29 07:28:41.839289+00,"{""context"": ""in_person"", ""language"": ""FR"", ""question"": ""Reine Bernie"", ""response"": ""extrêmement familier"", ""study_id"": """", ""data_type"": ""questionnaire"", ""session_id"": ""dfb95fe0_2026-09-29_09-14-28"", ""client_time"": ""2026-09-29T07:27:50.595Z"", ""prolific_pid"": """", ""prolific_session"": """", ""questionnaire_id"": ""ChildOCQ""}"
134,dfb95fe0_2026-09-29_09-14-28,questionnaire,2026-09-29 07:28:41.839289+00,"{""context"": ""in_person"", ""language"": ""FR"", ""question"": ""crosk"", ""response"": ""pas du tout familier"", ""study_id"": """", ""data_type"": ""questionnaire"", ""session_id"": ""dfb95fe0_2026-09-29_09-14-28"", ""client_time"": ""2026-09-29T07:27:54.836Z"", ""prolific_pid"": """", ""prolific_session"": """", ""questionnaire_id"": ""ChildOCQ""}"
135,dfb95fe0_2026-09-29_09-14-28,questionnaire,2026-09-29 07:28:41.839289+00,"{""context"": ""in_person"", ""language"": ""FR"", ""question"": ""trompette"", ""response"": ""assez familier"", ""study_id"": """", ""data_type"": ""questionnaire"", ""session_id"": ""dfb95fe0_2026-09-29_09-14-28"", ""client_time"": ""2026-09-29T07:27:56.615Z"", ""prolific_pid"": """", ""prolific_session"": """", ""questionnaire_id"": ""ChildOCQ""}"
136,dfb95fe0_2026-09-29_09-14-28,questionnaire,2026-09-29 07:28:41.839289+00,"{""context"": ""in_person"", ""language"": ""FR"", ""question"": ""utocket"", ""response"": ""pas du tout familier"", ""study_id"": """", ""data_type"": ""questionnaire"", ""session_id"": ""dfb95fe0_2026-09-29_09-14-28"", ""client_time"": ""2026-09-29T07:27:58.815Z"", ""prolific_pid"": """", ""prolific_session"": """", ""questionnaire_id"": ""ChildOCQ""}"
137,dfb95fe0_2026-09-29_09-14-28,questionnaire,2026-09-29 07:28:41.839289+00,"{""context"": ""in_person"", ""language"": ""FR"", ""question"": ""vlepa"", ""response"": ""pas du tout familier"", ""study_id"": """", ""data_type"": ""questionnaire"", ""session_id"": ""dfb95fe0_2026-09-29_09-14-28"", ""client_time"": ""2026-09-29T07:28:00.853Z"", ""prolific_pid"": """", ""prolific_session"": """", ""questionnaire_id"": ""ChildOCQ""}"
138,dfb95fe0_2026-09-29_09-14-28,questionnaire,2026-09-29 07:28:41.839289+00,"{""context"": ""in_person"", ""language"": ""FR"", ""question"": ""Chine"", ""response"": ""un peu familier"", ""study_id"": """", ""data_type"": ""questionnaire"", ""session_id"": ""dfb95fe0_2026-09-29_09-14-28"", ""client_time"": ""2026-09-29T07:28:03.099Z"", ""prolific_pid"": """", ""prolific_session"": """", ""questionnaire_id"": ""ChildOCQ""}"
139,dfb95fe0_2026-09-29_09-14-28,questionnaire,2026-09-29 07:28:41.839289+00,"{""context"": ""in_person"", ""language"": ""FR"", ""question"": ""pomme"", ""response"": ""extrêmement familier"", ""study_id"": """", ""data_type"": ""questionnaire"", ""session_id"": ""dfb95fe0_2026-09-29_09-14-28"", ""client_time"": ""2026-09-29T07:28:05.120Z"", ""prolific_pid"": """", ""prolific_session"": """", ""questionnaire_id"": ""ChildOCQ""}"
140,dfb95fe0_2026-09-29_09-14-28,questionnaire,2026-09-29 07:28:41.839289+00,"{""context"": ""in_person"", ""language"": ""FR"", ""question"": ""Toowomba"", ""response"": ""pas du tout familier"", ""study_id"": """", ""data_type"": ""questionnaire"", ""session_id"": ""dfb95fe0_2026-09-29_09-14-28"", ""client_time"": ""2026-09-29T07:28:07.519Z"", ""prolific_pid"": """", ""prolific_session"": """", ""questionnaire_id"": ""ChildOCQ""}"
141,dfb95fe0_2026-09-29_09-14-28,questionnaire,2026-09-29 07:28:41.839289+00,"{""context"": ""in_person"", ""language"": ""FR"", ""question"": ""osorin"", ""response"": ""pas du tout familier"", ""study_id"": """", ""data_type"": ""questionnaire"", ""session_id"": ""dfb95fe0_2026-09-29_09-14-28"", ""client_time"": ""2026-09-29T07:28:09.670Z"", ""prolific_pid"": """", ""prolific_session"": """", ""questionnaire_id"": ""ChildOCQ""}"
142,dfb95fe0_2026-09-29_09-14-28,questionnaire,2026-09-29 07:28:41.839289+00,"{""context"": ""in_person"", ""language"": ""FR"", ""question"": ""Buruwang"", ""response"": ""un peu familier"", ""study_id"": """", ""data_type"": ""questionnaire"", ""session_id"": ""dfb95fe0_2026-09-29_09-14-28"", ""client_time"": ""2026-09-29T07:28:12.579Z"", ""prolific_pid"": """", ""prolific_session"": """", ""questionnaire_id"": ""ChildOCQ""}"
143,dfb95fe0_2026-09-29_09-14-28,questionnaire,2026-09-29 07:28:41.839289+00,"{""context"": ""in_person"", ""language"": ""FR"", ""question"": ""Springwater falls"", ""response"": ""extrêmement familier"", ""study_id"": """", ""data_type"": ""questionnaire"", ""session_id"": ""dfb95fe0_2026-09-29_09-14-28"", ""client_time"": ""2026-09-29T07:28:26.058Z"", ""prolific_pid"": """", ""prolific_session"": """", ""questionnaire_id"": ""ChildOCQ""}"
144,dfb95fe0_2026-09-29_09-14-28,questionnaire,2026-09-29 07:28:41.839289+00,"{""context"": ""in_person"", ""language"": ""FR"", ""question"": ""Paddington"", ""response"": ""extrêmement familier"", ""study_id"": """", ""data_type"": ""questionnaire"", ""session_id"": ""dfb95fe0_2026-09-29_09-14-28"", ""client_time"": ""2026-09-29T07:28:28.925Z"", ""prolific_pid"": """", ""prolific_session"": """", ""questionnaire_id"": ""ChildOCQ""}"
145,dfb95fe0_2026-09-29_09-14-28,questionnaire,2026-09-29 07:28:41.839289+00,"{""context"": ""in_person"", ""language"": ""FR"", ""question"": ""Léon l'Agneau"", ""response"": ""pas du tout familier"", ""study_id"": """", ""data_type"": ""questionnaire"", ""session_id"": ""dfb95fe0_2026-09-29_09-14-28"", ""client_time"": ""2026-09-29T07:28:31.408Z"", ""prolific_pid"": """", ""prolific_session"": """", ""questionnaire_id"": ""ChildOCQ""}"
146,dfb95fe0_2026-09-29_09-14-28,questionnaire,2026-09-29 07:28:41.839289+00,"{""context"": ""in_person"", ""language"": ""FR"", ""question"": ""autruche"", ""response"": ""assez familier"", ""study_id"": """", ""data_type"": ""questionnaire"", ""session_id"": ""dfb95fe0_2026-09-29_09-14-28"", ""client_time"": ""2026-09-29T07:28:33.782Z"", ""prolific_pid"": """", ""prolific_session"": """", ""questionnaire_id"": ""ChildOCQ""}"
147,dfb95fe0_2026-09-29_09-14-28,questionnaire,2026-09-29 07:28:41.839289+00,"{""context"": ""in_person"", ""language"": ""FR"", ""question"": ""Grande Barrière de Corail"", ""response"": ""assez familier"", ""study_id"": """", ""data_type"": ""questionnaire"", ""session_id"": ""dfb95fe0_2026-09-29_09-14-28"", ""client_time"": ""2026-09-29T07:28:35.933Z"", ""prolific_pid"": """", ""prolific_session"": """", ""questionnaire_id"": ""ChildOCQ""}"
148,dfb95fe0_2026-09-29_09-14-28,questionnaire,2026-09-29 07:28:41.839289+00,"{""context"": ""in_person"", ""language"": ""FR"", ""question"": ""Werrana"", ""response"": ""pas du tout familier"", ""study_id"": """", ""data_type"": ""questionnaire"", ""session_id"": ""dfb95fe0_2026-09-29_09-14-28"", ""client_time"": ""2026-09-29T07:28:38.283Z"", ""prolific_pid"": """", ""prolific_session"": """", ""questionnaire_id"": ""ChildOCQ""}"
149,dfb95fe0_2026-09-29_09-14-28,questionnaire,2026-09-29 07:28:41.839289+00,"{""context"": ""in_person"", ""language"": ""FR"", ""question"": ""clarinette"", ""response"": ""extrêmement familier"", ""study_id"": """", ""data_type"": ""questionnaire"", ""session_id"": ""dfb95fe0_2026-09-29_09-14-28"", ""client_time"": ""2026-09-29T07:28:40.787Z"", ""prolific_pid"": """", ""prolific_session"": """", ""questionnaire_id"": ""ChildOCQ""}"
150,dfb95fe0_2026-09-29_09-14-28,questionnaire,2026-09-29 07:30:03.810492+00,"{""context"": ""in_person"", ""language"": ""FR"", ""question"": ""J’utilise différentes stratégies d’apprentissage en fonction de la tâche à accomplir."", ""response"": ""Toujours"", ""study_id"": """", ""data_type"": ""questionnaire"", ""session_id"": ""dfb95fe0_2026-09-29_09-14-28"", ""client_time"": ""2026-09-29T07:28:52.455Z"", ""prolific_pid"": """", ""prolific_session"": """", ""questionnaire_id"": ""JrMAI""}"
151,dfb95fe0_2026-09-29_09-14-28,questionnaire,2026-09-29 07:30:03.810492+00,"{""context"": ""in_person"", ""language"": ""FR"", ""question"": ""J’utilise mes points forts en matière d’apprentissage pour compenser mes faiblesses."", ""response"": ""Toujours"", ""study_id"": """", ""data_type"": ""questionnaire"", ""session_id"": ""dfb95fe0_2026-09-29_09-14-28"", ""client_time"": ""2026-09-29T07:28:55.646Z"", ""prolific_pid"": """", ""prolific_session"": """", ""questionnaire_id"": ""JrMAI""}"
152,dfb95fe0_2026-09-29_09-14-28,questionnaire,2026-09-29 07:30:03.810492+00,"{""context"": ""in_person"", ""language"": ""FR"", ""question"": ""J'apprends mieux quand je connais déjà un peu le sujet."", ""response"": ""Toujours"", ""study_id"": """", ""data_type"": ""questionnaire"", ""session_id"": ""dfb95fe0_2026-09-29_09-14-28"", ""client_time"": ""2026-09-29T07:28:59.016Z"", ""prolific_pid"": """", ""prolific_session"": """", ""questionnaire_id"": ""JrMAI""}"
153,dfb95fe0_2026-09-29_09-14-28,questionnaire,2026-09-29 07:30:03.810492+00,"{""context"": ""in_person"", ""language"": ""FR"", ""question"": ""Je m’interroge sur la qualité de mon travail pendant que j’apprends quelque chose de nouveau."", ""response"": ""Toujours"", ""study_id"": """", ""data_type"": ""questionnaire"", ""session_id"": ""dfb95fe0_2026-09-29_09-14-28"", ""client_time"": ""2026-09-29T07:29:01.733Z"", ""prolific_pid"": """", ""prolific_session"": """", ""questionnaire_id"": ""JrMAI""}"
154,dfb95fe0_2026-09-29_09-14-28,questionnaire,2026-09-29 07:30:03.810492+00,"{""context"": ""in_person"", ""language"": ""FR"", ""question"": ""Je fais des dessins ou des schémas pour m'aider à comprendre pendant que j'apprends."", ""response"": ""Toujours"", ""study_id"": """", ""data_type"": ""questionnaire"", ""session_id"": ""dfb95fe0_2026-09-29_09-14-28"", ""client_time"": ""2026-09-29T07:29:04.283Z"", ""prolific_pid"": """", ""prolific_session"": """", ""questionnaire_id"": ""JrMAI""}"
155,dfb95fe0_2026-09-29_09-14-28,questionnaire,2026-09-29 07:30:03.810492+00,"{""context"": ""in_person"", ""language"": ""FR"", ""question"": ""Je réfléchis à plusieurs façons de résoudre un problème, puis je choisis la meilleure."", ""response"": ""Toujours"", ""study_id"": """", ""data_type"": ""questionnaire"", ""session_id"": ""dfb95fe0_2026-09-29_09-14-28"", ""client_time"": ""2026-09-29T07:29:07.312Z"", ""prolific_pid"": """", ""prolific_session"": """", ""questionnaire_id"": ""JrMAI""}"
156,dfb95fe0_2026-09-29_09-14-28,questionnaire,2026-09-29 07:30:03.810492+00,"{""context"": ""in_person"", ""language"": ""FR"", ""question"": ""Une fois une tâche terminée, je me demande s’il y avait une manière plus simple de procéder."", ""response"": ""Toujours"", ""study_id"": """", ""data_type"": ""questionnaire"", ""session_id"": ""dfb95fe0_2026-09-29_09-14-28"", ""client_time"": ""2026-09-29T07:29:11.950Z"", ""prolific_pid"": """", ""prolific_session"": """", ""questionnaire_id"": ""JrMAI""}"
157,dfb95fe0_2026-09-29_09-14-28,questionnaire,2026-09-29 07:30:03.810492+00,"{""context"": ""in_person"", ""language"": ""FR"", ""question"": ""Quand j'ai terminé mon travail scolaire, je me demande si j'ai appris ce que je voulais apprendre."", ""response"": ""Toujours"", ""study_id"": """", ""data_type"": ""questionnaire"", ""session_id"": ""dfb95fe0_2026-09-29_09-14-28"", ""client_time"": ""2026-09-29T07:29:29.966Z"", ""prolific_pid"": """", ""prolific_session"": """", ""questionnaire_id"": ""JrMAI""}"
158,dfb95fe0_2026-09-29_09-14-28,questionnaire,2026-09-29 07:30:03.810492+00,"{""context"": ""in_person"", ""language"": ""FR"", ""question"": ""Je prête vraiment attention aux informations importantes."", ""response"": ""Souvent"", ""study_id"": """", ""data_type"": ""questionnaire"", ""session_id"": ""dfb95fe0_2026-09-29_09-14-28"", ""client_time"": ""2026-09-29T07:29:32.053Z"", ""prolific_pid"": """", ""prolific_session"": """", ""questionnaire_id"": ""JrMAI""}"
159,dfb95fe0_2026-09-29_09-14-28,questionnaire,2026-09-29 07:30:03.810492+00,"{""context"": ""in_person"", ""language"": ""FR"", ""question"": ""Il m’arrive parfois d’utiliser des stratégies d’apprentissage sans y réfléchir."", ""response"": ""Souvent"", ""study_id"": """", ""data_type"": ""questionnaire"", ""session_id"": ""dfb95fe0_2026-09-29_09-14-28"", ""client_time"": ""2026-09-29T07:29:36.237Z"", ""prolific_pid"": """", ""prolific_session"": """", ""questionnaire_id"": ""JrMAI""}"
160,dfb95fe0_2026-09-29_09-14-28,questionnaire,2026-09-29 07:30:03.810492+00,"{""context"": ""in_person"", ""language"": ""FR"", ""question"": ""Je suis capable d'apprendre quand j'en ai besoin."", ""response"": ""Rarement"", ""study_id"": """", ""data_type"": ""questionnaire"", ""session_id"": ""dfb95fe0_2026-09-29_09-14-28"", ""client_time"": ""2026-09-29T07:29:39.449Z"", ""prolific_pid"": """", ""prolific_session"": """", ""questionnaire_id"": ""JrMAI""}"
161,dfb95fe0_2026-09-29_09-14-28,questionnaire,2026-09-29 07:30:03.810492+00,"{""context"": ""in_person"", ""language"": ""FR"", ""question"": ""J’apprends davantage lorsque le sujet m’intéresse."", ""response"": ""Souvent"", ""study_id"": """", ""data_type"": ""questionnaire"", ""session_id"": ""dfb95fe0_2026-09-29_09-14-28"", ""client_time"": ""2026-09-29T07:29:42.837Z"", ""prolific_pid"": """", ""prolific_session"": """", ""questionnaire_id"": ""JrMAI""}"
162,dfb95fe0_2026-09-29_09-14-28,questionnaire,2026-09-29 07:30:03.810492+00,"{""context"": ""in_person"", ""language"": ""FR"", ""question"": ""J'essaie d'utiliser des manières d'étudier qui ont déjà fait leurs preuves avec moi."", ""response"": ""Souvent"", ""study_id"": """", ""data_type"": ""questionnaire"", ""session_id"": ""dfb95fe0_2026-09-29_09-14-28"", ""client_time"": ""2026-09-29T07:29:46.661Z"", ""prolific_pid"": """", ""prolific_session"": """", ""questionnaire_id"": ""JrMAI""}"
163,dfb95fe0_2026-09-29_09-14-28,questionnaire,2026-09-29 07:30:03.810492+00,"{""context"": ""in_person"", ""language"": ""FR"", ""question"": ""Je vérifie de temps en temps que je vais bien pouvoir terminer mon travail à temps."", ""response"": ""Souvent"", ""study_id"": """", ""data_type"": ""questionnaire"", ""session_id"": ""dfb95fe0_2026-09-29_09-14-28"", ""client_time"": ""2026-09-29T07:29:51.365Z"", ""prolific_pid"": """", ""prolific_session"": """", ""questionnaire_id"": ""JrMAI""}"
164,dfb95fe0_2026-09-29_09-14-28,questionnaire,2026-09-29 07:30:03.810492+00,"{""context"": ""in_person"", ""language"": ""FR"", ""question"": ""Je détermine ce que je dois accomplir avant de commencer une tâche."", ""response"": ""Parfois"", ""study_id"": """", ""data_type"": ""questionnaire"", ""session_id"": ""dfb95fe0_2026-09-29_09-14-28"", ""client_time"": ""2026-09-29T07:29:53.878Z"", ""prolific_pid"": """", ""prolific_session"": """", ""questionnaire_id"": ""JrMAI""}"
165,dfb95fe0_2026-09-29_09-14-28,questionnaire,2026-09-29 07:30:03.810492+00,"{""context"": ""in_person"", ""language"": ""FR"", ""question"": ""Je réfléchis à ce que je dois apprendre avant de me mettre au travail."", ""response"": ""Rarement"", ""study_id"": """", ""data_type"": ""questionnaire"", ""session_id"": ""dfb95fe0_2026-09-29_09-14-28"", ""client_time"": ""2026-09-29T07:29:56.486Z"", ""prolific_pid"": """", ""prolific_session"": """", ""questionnaire_id"": ""JrMAI""}"
166,dfb95fe0_2026-09-29_09-14-28,questionnaire,2026-09-29 07:30:03.810492+00,"{""context"": ""in_person"", ""language"": ""FR"", ""question"": ""Je sais quand je comprends quelque chose."", ""response"": ""Parfois"", ""study_id"": """", ""data_type"": ""questionnaire"", ""session_id"": ""dfb95fe0_2026-09-29_09-14-28"", ""client_time"": ""2026-09-29T07:29:59.395Z"", ""prolific_pid"": """", ""prolific_session"": """", ""questionnaire_id"": ""JrMAI""}"
167,dfb95fe0_2026-09-29_09-14-28,questionnaire,2026-09-29 07:30:03.810492+00,"{""context"": ""in_person"", ""language"": ""FR"", ""question"": ""Je sais ce que le professeur attend de moi."", ""response"": ""Rarement"", ""study_id"": """", ""data_type"": ""questionnaire"", ""session_id"": ""dfb95fe0_2026-09-29_09-14-28"", ""client_time"": ""2026-09-29T07:30:02.761Z"", ""prolific_pid"": """", ""prolific_session"": """", ""questionnaire_id"": ""JrMAI""}"
